mutation,mutation_label,position_label,struct_num,state,energy_unit,score_function_name,total_score,fa_atr,fa_rep,fa_sol,fa_intra_rep,fa_intra_sol_xover4,lk_ball_wtd,fa_elec,hbond_sr_bb,hbond_lr_bb,hbond_bb_sc,hbond_sc,dslf_fa13,omega,fa_dun,p_aa_pp,yhh_planarity,ref,rama_prepro,cart_bonded
A.V.49.G,V49G,V49,1,wt,kcal/mol,ref2015_cart,-225.40782,-354.76122,29.11122,175.41871,0.62653,10.89116,-15.43776,-92.69898,-11.78469,-21.34796,-9.25918,-10.88776,0.00000,0.43912,44.73776,-15.45442,0.05680,26.75306,-6.17789,24.36803
A.V.49.G,V49G,V49,2,wt,kcal/mol,ref2015_cart,-225.40782,-354.76122,29.11122,175.41871,0.62653,10.89116,-15.43776,-92.69898,-11.78469,-21.34796,-9.25918,-10.88776,0.00000,0.43912,44.73776,-15.45442,0.05680,26.75306,-6.17789,24.36803
A.V.49.G,V49G,V49,3,wt,kcal/mol,ref2015_cart,-225.40782,-354.76122,29.11122,175.41871,0.62653,10.89116,-15.43776,-92.69898,-11.78469,-21.34796,-9.25918,-10.88776,0.00000,0.43912,44.73776,-15.45442,0.05680,26.75306,-6.17789,24.36803
A.V.49.G,V49G,V49,4,wt,kcal/mol,ref2015_cart,-225.40782,-354.76122,29.11122,175.41871,0.62653,10.89116,-15.43776,-92.69898,-11.78469,-21.34796,-9.25918,-10.88776,0.00000,0.43912,44.73776,-15.45442,0.05680,26.75306,-6.17789,24.36803
A.V.49.G,V49G,V49,5,wt,kcal/mol,ref2015_cart,-225.40782,-354.76122,29.11122,175.41871,0.62653,10.89116,-15.43776,-92.69898,-11.78469,-21.34796,-9.25918,-10.88776,0.00000,0.43912,44.73776,-15.45442,0.05680,26.75306,-6.17789,24.36803
A.V.49.G,V49G,V49,1,mut,kcal/mol,ref2015_cart,-222.01190,-350.24762,28.25680,176.61224,0.61531,10.87041,-15.26939,-92.68231,-11.78469,-21.31701,-9.23401,-10.89048,0.00000,0.34490,44.63367,-16.07279,0.05544,26.12551,-6.15238,24.12415
A.V.49.G,V49G,V49,2,mut,kcal/mol,ref2015_cart,-222.01190,-350.24762,28.25680,176.61224,0.61531,10.87041,-15.26939,-92.68231,-11.78469,-21.31701,-9.23401,-10.89048,0.00000,0.34490,44.63367,-16.07279,0.05544,26.12551,-6.15238,24.12415
A.V.49.G,V49G,V49,3,mut,kcal/mol,ref2015_cart,-222.01190,-350.24762,28.25680,176.61224,0.61531,10.87041,-15.26939,-92.68231,-11.78469,-21.31701,-9.23401,-10.89048,0.00000,0.34490,44.63367,-16.07279,0.05544,26.12551,-6.15238,24.12415
A.V.49.G,V49G,V49,4,mut,kcal/mol,ref2015_cart,-222.01190,-350.24762,28.25680,176.61224,0.61531,10.87041,-15.26939,-92.68231,-11.78469,-21.31701,-9.23401,-10.89048,0.00000,0.34490,44.63367,-16.07279,0.05544,26.12551,-6.15238,24.12415
A.V.49.G,V49G,V49,5,mut,kcal/mol,ref2015_cart,-222.01190,-350.24762,28.25680,176.61224,0.61531,10.87041,-15.26939,-92.68231,-11.78469,-21.31701,-9.23401,-10.89048,0.00000,0.34490,44.63367,-16.07279,0.05544,26.12551,-6.15238,24.12415
A.V.49.G,V49G,V49,1,ddg,kcal/mol,ref2015_cart,3.39592,4.51361,-0.85442,1.19354,-0.01122,-0.02075,0.16837,0.01667,0.00000,0.03095,0.02517,-0.00272,0.00000,-0.09422,-0.10408,-0.61837,-0.00136,-0.62755,0.02551,-0.24388
A.V.49.G,V49G,V49,2,ddg,kcal/mol,ref2015_cart,3.39592,4.51361,-0.85442,1.19354,-0.01122,-0.02075,0.16837,0.01667,0.00000,0.03095,0.02517,-0.00272,0.00000,-0.09422,-0.10408,-0.61837,-0.00136,-0.62755,0.02551,-0.24388
A.V.49.G,V49G,V49,3,ddg,kcal/mol,ref2015_cart,3.39592,4.51361,-0.85442,1.19354,-0.01122,-0.02075,0.16837,0.01667,0.00000,0.03095,0.02517,-0.00272,0.00000,-0.09422,-0.10408,-0.61837,-0.00136,-0.62755,0.02551,-0.24388
A.V.49.G,V49G,V49,4,ddg,kcal/mol,ref2015_cart,3.39592,4.51361,-0.85442,1.19354,-0.01122,-0.02075,0.16837,0.01667,0.00000,0.03095,0.02517,-0.00272,0.00000,-0.09422,-0.10408,-0.61837,-0.00136,-0.62755,0.02551,-0.24388
A.V.49.G,V49G,V49,5,ddg,kcal/mol,ref2015_cart,3.39592,4.51361,-0.85442,1.19354,-0.01122,-0.02075,0.16837,0.01667,0.00000,0.03095,0.02517,-0.00272,0.00000,-0.09422,-0.10408,-0.61837,-0.00136,-0.62755,0.02551,-0.24388
